Locus,ASV,Count
Pf3D7_07_v3-403801-404052-1B,TATAAAACATTACACATATATATATATATATATATATATATATATGTATGTATGTTGATTAATTTGTTTATATATTTATATTTATTTCTTATGACCTTTTTAGGAACGACACCGAAGCTTTAATTTACAATTTTTTGCTATATCCATGTTAGATGCCTGTTCAGTCATTTTGGCCTTCATAGGTCT,6
Pf3D7_07_v3-404325-404590-1B,GAAACACAAGAAGAAAATTCTATCATATTTAATCTTGTCTTAATTAGTTCCTTAATTGTAAGAAAACAAAATATATAAATAAATAAATATATATATATATATATATATATATTTTTAAATTTAATATATATTAACACATAAACTTTGTTTTTATTTTATTAATTTATATTCTTTATCCTTTTTTTTTTTTTTTTTCCTTCTTTTTTT,6
Pf3D7_07_v3-405570-405844-1B,ACAGCAATTGCTTATTACTTTAAATTCTTAGCCGTAAGAATTAAAAAGATATAAATATATAAATATATATGTGAAATATATGATATATATGATATATATTTTTTATATGTAATGTTTTTTTTTTTTTTTCACAATATACATTTAAATGTTTATGATGGTACAACGTATCATATTTTATAATAATTTTATGCATTCATGTATATTATTTTTACTTTTT,6
Pf3D7_09_v3-1015103-1015350-1A,ATTATTTAATTTTTCATCTTTTATATTTTTCAGATTTTTTATATGAAGATATAGGAATACAACTAAATTAACAGCTGAAAATAATCTTACTAACAAAAATAATTTGAGGAATTCTTCATCATATAAATCTTTTGGAATATTATTTGTGTATTCATAAATTTCTATTAAGGATATAATAGTTATGA,1
Pf3D7_11_v3-1019050-1019319-1A,TCAAAACTTATTGCTACCGTAATACCTAAAGGAGGCATTTTACATAATCTTTTTACACTCGTAAGAATATTATTATAAAAGATTTCTTGATATCTATCATACATATGAATATTATTTAGAGATTTATATATATTATTATTTTGTTCATATAATAATATATTATTTAAAGACTTATCCATAATTTTTGTACATTTTATATTTTCTATA,3
Pf3D7_11_v3-1294284-1294580-1B,TATTTGGTAAAGGTATAATTATTGAGAATTCAAATACTACTTTTTTAACACCGGTAGCTACGGGAAATCAATATTTAAAAGATGGAGGTTTTGCTTTTCCTCCAACAAAACCTCTTATGTCACCAATGACATTAGATGATATGAGACTTTTGTATAAAGATAATGAAGATGTAAAAAATTTAGATGAATTGACTTTATGTTCAAGACATGCAGGAAATATGAATCCAGATAATGATAAAA,6
Pf3D7_11_v3-1374917-1375148-1A,TTTTTAAATGAAAATCTCCAAAGCTTCTGGTTGGTTGTAATCTACCTTTAACATAACAATTATCATAATGATGTGATAAGAGATGAAAAGGTGTTTTACATAATTCATATGTATTATTATTATTAACAGTTTTATAATCTCGAGTACATATTTTACATACTAATATA,1
Pf3D7_13_v3-1465010-1465307-1B,AGTCCAGCACATGCGAGTAAAGCTAATCCTCCAGCTATTCCACCTGCAATTTTATATTTATTATCTGATCCTCCTTTTTTTTTATTATTATCTGGCTTTTCATGTTCTTCCCTTTCAGGATATTTTGGAGTATCGTTATATTTTCTATTGTATGATCTATTTTCATTATTTCTACCATGTGGACGTGTTTCTCTATCTTCACTATTAGGTACGTGCCTATTTCCATTATTATCTTGACTTTGG,6
Pf3D7_13_v3-1876391-1876664-1A,AACTATCTGTAAAAGTATGTTTAGAACTATCATTTGAAGAGAAGTTACATCCGTGTATGACTTTTTTTTCATATTTTGGTTTTAAAACTATTTTATAATTATTATTTTTAAATTTGCATGTACATTCTGTATTAACATCTTTTGATGTAACATAAAATGGAGCTTTAAAGATAGTTAACTTTTTATGATAAATTATTTTATTACTTTTATATA,1
Pf3D7_13_v3-2841390-2841688-1B2,TGTAATAATCTCTTATTTGAATTAAGTCCTTTTGCATTTTTGCTAAACAAGTTATTGTTAAATTCGGAGTTATTCTATAAAAATGAAAAATCATTTAAAAATGTAAAAATGTACATATATATATNNNNNNNNNNATATATATATATATATATATATATAATATTATTATATGTATTTTTATAAGTAAGTGTTATATTTATTTATATTTGCAATTAAAATACTTACGTTATCTAACAAAAGTACGGAAGCAA,6
Pf3D7_13_v3-2844334-2844629-1B2,ATTTAGATCAGTTTTTTAATAATTTTTGTAAATATCAATAAATAAGAAATTAAATAGTTTTATAAATAAAAAAATAATAATAATAACAACATAATATTTATATAATTTTTTTATAATTCAAAANNNNNNNNNNAGAAATAAAAAAATATATTATACTATCATAATGGTCAATTATATATATTGTGACTTATCAAAAGATGAATAATAACTTTTTATTAAAAATTATAAATTTCTGTTTTTATCAATCA,6
Pf3D7_14_v3-106867-107115-1A,AATGACATGAACAAGTCAGGCGAAAAAGAGGAACATGTTATAAATAGTAAATGGAAAAATAAATTTTTCCATGAAGTAATACAAAATATGTTATATGATGATAATATAAATGATCATAAGGAAGAAATTAAGGAAGATAATTCTAATGAATATAATATCAATAATAAAAATGATAATTTATATGATATA,1
